Category,Amount
Total Income,505.41999999999996
Total Expenses,1036.28
living,126.69999999999999
entertainment,239.23000000000002
catering,218.3
shopping,452.04999999999995
